brand_name,model_name,os,popularity,best_price,lowest_price,highest_price,screen_size,memory_size,battery_size,release_date
2,1 1/8GB Bluish Black (5033D-2JALUAA),Android,422,1690,1529.0,1819.0,5.0,8.0,2000.0,Oct-20
2,1 5033D 1/16GB Volcano Black (5033D-2LALUAF),Android,323,1803,1659.0,2489.0,5.0,16.0,2000.0,Sep-20
2,1 5033D 1/16GB Volcano Black (5033D-2LALUAF),Android,299,1803,1659.0,2489.0,5.0,16.0,2000.0,Sep-20
2,1 5033D 1/16GB Volcano Black (5033D-2LALUAF),Android,287,1803,1659.0,2489.0,5.0,16.0,2000.0,Sep-20
34,1.3 1/16GB Charcoal,Android,1047,1999,2498.4497991967874,2927.6726907630523,5.71,16.0,3000.0,Apr-20
24,10 Lite 3/32GB Blue,Android,424,3999,2498.4497991967874,2927.6726907630523,6.21,32.0,3400.0,Dec-18
24,10 Lite 4/64GB Black,Android,134,4973,4733.0,5295.0,6.21,64.0,3400.0,Jan-19
24,10 lite 3/64GB Black,Android,215,4948,4646.0,5372.0,6.21,64.0,3400.0,Dec-18
24,10 lite 3/64GB Black,Android,179,4948,4646.0,5372.0,6.21,64.0,3400.0,Dec-18
24,10 lite 3/64GB Blue,Android,437,5165,4897.0,5559.0,6.21,64.0,3400.0,Dec-18
34,105 DS 2019 Pink (16KIGP01A01),Android,18,583,528.0,649.0,1.77,0.004,800.0,Oct-19
34,105 Dual Sim 2019 Black (16KIGB01A01),Android,262,601,539.0,703.0,1.77,34.04594722222218,800.0,Nov-19
34,105 Dual Sim 2019 Black (16KIGB01A01),Android,274,601,539.0,703.0,1.77,34.04594722222218,800.0,Nov-19
34,105 Dual Sim New Black (A00028315),Android,507,552,499.0,606.0,1.8,0.004,800.0,Sep-17
34,105 Single Sim 2019 Black (16KIGB01A13),Android,805,536,449.0,642.0,1.77,34.04594722222219,800.0,Nov-19
34,105 Single Sim 2019 Pink (16KIGP01A13),Android,692,547,496.0,709.0,1.77,34.04594722222218,800.0,Nov-19
34,105 Single Sim New Black (A00028356),Android,460,663,499.0,1169.0,1.8,0.004,800.0,Sep-17
34,105 Single Sim New Black (A00028356),Android,455,663,499.0,1169.0,1.8,0.004,800.0,Sep-17
34,105 Single Sim New Blue (A00028372),Android,378,474,450.0,499.0,1.8,0.004,800.0,Sep-17
34,105 Single Sim New White (A00028371),Android,59,499,2498.4497991967874,2927.6726907630523,1.8,0.004,800.0,Sep-17
34,106 New DS Grey (16NEBD01A02),Android,838,596,544.0,699.0,1.8,34.04594722222218,800.0,Jan-19
34,106 New DS Grey (16NEBD01A02),Android,841,596,544.0,699.0,1.8,34.04594722222219,800.0,Jan-19
34,110 Dual Sim 2019 Black (16NKLB01A07),Android,471,710,640.0,1164.0,1.77,34.04594722222218,800.0,Nov-19
34,110 Dual Sim 2019 Blue (16NKLL01A04),Android,248,702,640.0,909.0,1.77,34.04594722222218,800.0,Nov-19
34,125 Dual Sim Black (16GMNB01A17),Android,807,992,899.0,1249.0,2.4,34.04594722222219,1020.0,Jul-20
31,15 4/64GB Black,Android,166,5272,4970.0,5448.0,5.45,64.0,3000.0,May-18
31,15 4/64GB Black,Android,125,5272,4970.0,5448.0,5.45,64.0,3000.0,May-18
31,15 4/64GB Black,Android,116,5272,4970.0,5448.0,5.45,64.0,3000.0,May-18
31,15 Plus 6/64GB Black,Android,666,5328,2498.4497991967874,2927.6726907630523,5.95,64.0,3500.0,Jun-18
31,15 Plus 6/64GB Gray,Android,415,5328,2498.4497991967874,2927.672690763052,5.95,64.0,3500.0,Jun-18
31,15 Plus 6/64GB Gray,Android,405,5328,2498.4497991967874,2927.6726907630523,5.95,64.0,3500.0,Jun-18
34,150 Black,Android,920,1180,959.0,1479.0,2.4,34.04594722222218,1020.0,Feb-17
34,150 Dual Sim Cyan (16GMNE01A04),Android,543,1190,1090.0,1479.0,2.4,34.04594722222219,1020.0,Jul-20
34,150 Dual Sim Red (16GMNR01A02),Android,835,1196,1090.0,1529.0,2.4,34.04594722222219,1020.0,Jul-20
34,150 White,Android,645,1090,959.0,1566.0,2.4,34.04594722222218,1020.0,Feb-17
31,16 6/64GB Black,Android,1144,5231,4599.0,5759.0,6.0,64.0,3100.0,Nov-18
2,1B 5002H Pine Green (5002H-2BALUA12),Android,195,2399,2498.4497991967874,2927.6726907630523,5.5,16.0,3000.0,Sep-20
2,1B 5002H Prime Black (5002H-2AALUA12),Android,616,2408,2168.0,3185.0,5.5,16.0,3000.0,Sep-20
2,1SE 3/32GB Power Gray (5030D-2AALUA2),Android,629,3249,2889.0,3299.0,6.22,32.0,4000.0,Oct-20
34,2.2 2/16GB Black,Android,1052,2299,2498.4497991967874,2927.6726907630523,5.71,16.0,3000.0,Aug-19
34,2.3 2/32GB Green,Android,870,2799,2498.4497991967874,2927.6726907630523,6.2,32.0,4000.0,Feb-20
34,2.4 2/32GB Charcoal,Android,1031,3162,2999.0,3299.0,6.5,32.0,4500.0,Sep-20
2,2003 Dual SIM Dark Gray (2003D-2AALUA1),Android,538,655,649.0,809.0,2.4,34.04594722222218,970.0,Oct-20
2,2003 Dual SIM Dark Gray (2003D-2AALUA1),Android,527,655,649.0,809.0,2.4,34.04594722222218,970.0,Oct-20
2,2003 Dual SIM Metallic Blue (2003D-2BALUA1),Android,193,654,647.0,809.0,2.4,34.04594722222218,970.0,Oct-20
2,2019 Single SIM Metallic Gray (2019G-3AALUA1),Android,545,864,849.0,1176.0,2.4,34.04594722222218,970.0,Oct-20
2,2053 Dual SIM Pure White (2053D-2BALUA1),Android,475,900,899.0,938.0,2.4,34.04594722222219,970.0,Oct-20
2,2053 Dual SIM Volcano Black (2053D-2AALUA1),Android,585,898,795.0,1129.0,2.4,34.04594722222218,970.0,Oct-20
34,210 Dual SIM 2019 Black (16OTRB01A02),Android,464,1153,975.0,1199.0,2.4,0.016,1020.0,May-19
34,230 Dual Blue (16PCML01A02),Android,65,1864,1717.0,2229.0,2.8,0.016,1200.0,Mar-19
34,230 Dual Dark Silver (A00026971),Android,860,1847,1725.0,1939.0,2.8,0.016,1200.0,Dec-15
34,2720 Flip Black (16BTSB01A10),iOS,883,2530,2395.0,2689.0,2.8,4.0,1500.0,Sep-19
34,2720 Flip Red,Android,721,2567,2389.0,2699.0,2.8,4.0,1500.0,Jan-20
34,2720 Flip Red,Android,719,2567,2389.0,2699.0,2.8,4.0,1500.0,Jan-20
34,3.4 3/64GB Charcoal,Android,1132,3899,3550.0,4049.0,6.39,64.0,4000.0,Sep-20
37,3T 64GB (Gunmetal),OxygenOS,921,5856,5630.0,6299.0,5.5,64.0,3400.0,Dec-16
2,3X 5048Y Black (5048Y-2AALWE12),Android,194,3590,2498.4497991967874,2927.672690763052,6.52,64.0,4000.0,Sep-20
5,40 Neon,Android,190,840,2498.4497991967874,2927.6726907630523,4.0,8.0,1300.0,May-16
5,40 Neon,Android,224,840,2498.4497991967874,2927.6726907630523,4.0,8.0,1300.0,May-16
37,5 6/64GB Black,Android,337,7333,2498.4497991967874,2927.6726907630523,5.5,64.0,3300.0,Jun-17
37,5 6/64GB Slate Grey,Android,234,7333,2498.4497991967874,2927.6726907630523,5.5,64.0,3300.0,Jun-17
34,5.3 4/64GB Charcoal,Android,1156,4429,4150.0,4583.0,6.55,64.0,4000.0,Jun-20
34,5310 2020 DualSim Black/Red (16PISXO1A18),Android,888,1365,1260.0,1419.0,2.4,0.016,1200.0,Apr-20
57,5i 4/64GB Green,Android,137,4761,4532.0,4990.0,6.5,64.0,5000.0,Mar-20
57,6 4/64GB Blue,Android,1045,5299,2498.4497991967874,2927.6726907630523,6.5,64.0,4300.0,Apr-20
34,6 64GB Black,Android,309,6381,5265.0,7011.0,5.5,64.0,3000.0,Apr-17
34,6 64GB Silver,Android,21,5265,2498.4497991967874,2927.672690763052,5.5,64.0,3000.0,May-17
34,6.1 4/32GB Black,Android,620,3820,3792.0,3848.0,5.5,32.0,3000.0,Jun-18
34,6.1 4/64GB Black,Android,798,3962,3885.0,4099.0,5.5,64.0,3000.0,Mar-18
34,6.1 Plus 4/64GB Blue,Android,202,5020,2498.4497991967874,2927.6726907630523,5.8,64.0,3060.0,Sep-18
57,6S 4/64GB Eclipse Black,Android,329,5777,2498.4497991967874,2927.6726907630523,6.5,64.0,4300.0,Jan-21
57,6S 4/64GB Eclipse Black,Android,291,5777,2498.4497991967874,2927.672690763052,6.5,64.0,4300.0,Jan-21
57,6i 3/64GB White,Android,989,4292,4089.0,4599.0,6.5,64.0,5000.0,Apr-20
24,7 16GB (Gold),Android,158,2766,2498.4497991967874,2927.6726907630523,5.2,16.0,3100.0,Jul-15
24,7 16GB (Gold),Android,133,2766,2498.4497991967874,2927.672690763052,5.2,16.0,3100.0,Jul-15
24,7 16GB (Gold),Android,108,2766,2498.4497991967874,2927.6726907630523,5.2,16.0,3100.0,Jul-15
57,7 6/64GB Mist Blue,Android,570,6215,5990.0,6658.0,6.5,64.0,5000.0,Feb-21
24,8 3/32GB Blue,Android,535,3613,3199.0,3848.0,5.2,32.0,3000.0,May-18
24,8 4/64GB (Blue),Android,693,3499,2498.4497991967874,2927.6726907630523,5.2,64.0,3000.0,Nov-16
34,8 Dual SIM Silver,Android,626,6222,2498.4497991967874,2927.6726907630523,5.3,64.0,3090.0,Oct-17
34,800 Tough Black,Android,609,3241,2989.0,3749.0,2.4,4.0,2100.0,Oct-19
34,800 Tough Sand,Android,560,3216,2989.0,3299.0,2.4,4.0,2100.0,Jan-20
24,8A 2/32GB Gold,Android,383,3199,2498.4497991967874,2927.6726907630523,6.09,32.0,3020.0,Mar-19
24,8A 3/64GB Blue,Android,430,3844,3690.0,3999.0,6.09,64.0,3020.0,Nov-19
24,8A 3/64GB Blue,Android,433,3844,3690.0,3999.0,6.09,64.0,3020.0,Nov-19
24,8S 2/32GB Black (51093ULM),Android,767,2499,2498.4497991967874,2927.672690763052,5.7,32.0,3020.0,May-19
24,8S 2/32GB Black (51093ULM),Android,769,2499,2498.4497991967874,2927.672690763052,5.7,32.0,3020.0,May-19
24,8x Max 4/64GB Black,Android,694,5652,5605.0,5699.0,7.12,64.0,5000.0,Oct-18
24,8x Max 4/64GB Black,Android,697,5652,5605.0,5699.0,7.12,64.0,5000.0,Oct-18
24,8x Max 4/64GB Blue,Android,303,5844,5605.0,6199.0,7.12,64.0,5000.0,Nov-18
24,9 4/64GB Dual Blue,Android,660,4461,3978.0,5957.0,5.15,64.0,3200.0,Sep-17
24,9 Lite 3/32GB Midnight Black,Android,142,3491,3444.0,3574.0,5.65,32.0,3000.0,Mar-18
24,9i 3/32GB Black,Android,342,3424,3399.0,3449.0,5.84,32.0,3000.0,Jun-20
24,9i 3/32GB Black,Android,361,3424,3399.0,3449.0,5.84,32.0,3000.0,Jun-20
24,9i 4/64GB Blue,Android,216,4009,2498.4497991967874,2927.6726907630523,5.84,64.0,3000.0,Dec-18
24,9i 4/64GB Blue,Android,180,4009,2498.4497991967874,2927.6726907630523,5.84,64.0,3000.0,Dec-18
49,A1 Dual Black,Android,83,817,755.0,845.0,2.4,0.032,2000.0,Feb-19
49,A1 Dual Gold,Android,384,834,719.0,1009.0,2.4,0.032,2000.0,Feb-19
49,A1 Silver,Android,440,805,691.0,1009.0,2.4,34.04594722222218,2000.0,Dec-19
36,A12 3/32GB Black,Android,1024,3520,3375.0,3949.0,6.22,32.0,4230.0,Jun-20
36,A12 4/64GB Blue,Android,705,3949,3799.0,3999.0,6.22,64.0,4230.0,Aug-20
7,A144 Black/Red,Android,519,214,199.0,229.0,1.77,0.032,600.0,Sep-19
7,A167 Black/Red,Android,172,599,2498.4497991967874,2927.6726907630527,3.2,34.04594722222218,1000.0,Oct-20
7,A167 Black/Red,Android,208,599,2498.4497991967874,2927.6726907630523,3.2,34.04594722222218,1000.0,Oct-20
7,A167 Black/Red,Android,221,599,2498.449799196788,2927.6726907630523,3.2,34.04594722222219,1000.0,Oct-20
7,A169 Black Gray,Android,11,399,2498.449799196788,2927.6726907630527,1.77,34.04594722222219,1000.0,Apr-20
41,A170 Point Black,Android,411,252,220.0,333.0,1.77,34.04594722222218,600.0,Apr-19
41,A170 Point Black,Android,401,252,220.0,333.0,1.77,34.04594722222218,600.0,Apr-19
41,A170 Point Dark Blue,Android,106,252,220.0,333.0,1.77,34.04594722222219,600.0,Apr-19
41,A170 Point Dark Blue,Android,131,252,220.0,333.0,1.77,34.04594722222218,600.0,Apr-19
41,A170 Point Dark Blue,Android,156,252,220.0,333.0,1.77,34.04594722222219,600.0,Apr-19
7,A173 Black/Orange,Android,204,279,2498.449799196788,2927.6726907630523,1.77,0.032,800.0,Jun-18
7,A225 Black,Android,295,359,2498.449799196788,2927.6726907630523,2.4,0.032,1000.0,Jun-18
7,A225 Black,Android,334,359,2498.449799196788,2927.6726907630527,2.4,0.032,1000.0,Jun-18
41,A240 Experience Red,Android,63,308,289.0,364.0,2.4,34.04594722222219,800.0,Apr-19
9,A30 2/16GB Black,Android,240,1852,1795.0,1910.0,5.5,16.0,2500.0,Sep-18
9,A30 2/16GB Black,Android,243,1852,1795.0,1910.0,5.5,16.0,2500.0,Sep-18
36,A31 4/64GB Mystery Black,Android,897,4471,3999.0,4499.0,6.5,64.0,4230.0,Mar-20
36,A5 2020 3/64GB Black,Android,833,4773,4499.0,4999.0,6.5,64.0,5000.0,Nov-19
5,A50 GRANITE 2/16GB Black,Android,617,1599,2498.449799196788,2927.6726907630527,5.0,16.0,2700.0,Nov-18
11,A512 Harmony Pro DS Black,Android,302,2199,2498.449799196788,2927.6726907630527,5.0,16.0,3200.0,Jan-19
36,A52 4/64GB Twilight Black,Android,1094,5448,4857.0,6031.0,6.5,64.0,5000.0,May-20
36,A53 4/64GB Black,Android,1145,5257,4407.0,6658.0,6.5,64.0,5000.0,Oct-20
33,A5L+ 2/16GB Grey,Android,650,1599,2498.449799196788,2927.6726907630527,5.5,16.0,2650.0,Jan-20
36,A5s 3/32Gb Blue,Android,478,3266,3199.0,3333.0,6.2,32.0,4230.0,Aug-19
9,A60 1/16GB Black,Android,857,1910,1735.0,2052.0,6.1,16.0,4080.0,May-19
9,A60 Plus 4/64GB Black,Android,1027,2831,2695.0,3189.0,6.08,64.0,4080.0,Dec-20
9,A60 Pro 3/16GB Black,Android,904,2465,2299.0,2599.0,6.08,16.0,4080.0,Jul-19
29,A7 2/32GB L19111 Blue,Android,82,3391,3119.0,3746.0,6.09,32.0,4000.0,Jul-20
48,A7 Pro 4/64GB Black,Android,419,3327,3149.0,3506.0,6.3,64.0,4150.0,Jun-20
48,A7S 2/32GB Black,Android,622,2479,2498.449799196788,2927.6726907630527,6.53,32.0,4150.0,Nov-20
1,A8 3/32GB Black,Android,74,4463,4299.0,4617.0,5.0,32.0,3017.870778267254,Oct-17
9,A80 2/16GB Red,Android,578,2232,2090.0,2471.0,6.21,16.0,4200.0,Jun-20
9,A80 Pro 4/64GB Black,Android,1018,3250,3134.0,3692.0,6.49,64.0,4680.0,Jan-20
6,AS-201 Dual Sim Blue,Android,316,294,263.0,330.0,2.4,0.064,1500.0,Dec-18
6,AS-203 Dual Sim Black,Android,377,398,345.0,659.0,2.2,0.032,1000.0,Oct-19
14,Action-X3 3/32GB Black,Android,155,3460,2498.449799196788,2927.672690763053,5.0,32.0,3500.0,Aug-20
49,Armor 3W 6/64GB Black,Android,314,6692,6486.0,6964.0,5.7,64.0,3017.870778267254,Jun-20
49,Armor Mini Black,Android,318,1274,1149.0,1511.0,2.4,0.032,2500.0,Jun-18
49,Armor Mini Red,Android,52,1299,1199.0,1479.0,2.4,0.032,2500.0,Jun-18
49,Armor X3 2/32GB Black,Android,395,3155,2493.0,3699.0,5.5,32.0,5000.0,Sep-20
49,Armor X5 3/32GB Red (6937748733256),Android,788,3768,2909.0,4399.0,5.5,32.0,5000.0,May-20
49,Armor X5 Pro 4/64GB Black (6937748733829),Android,1010,4251,3395.0,5200.0,5.5,64.0,5000.0,Sep-20
49,Armor X6 2/16GB Orange,Android,662,2786,2175.0,3199.0,5.0,16.0,4000.0,Apr-20
49,Armor X7 2/16GB Orange,Android,546,3072,2484.0,3499.0,5.0,16.0,3017.870778267254,Jun-20
49,Armor X7 Pro 4/32GB Black,Android,998,3550,2770.0,3999.0,5.0,32.0,4000.0,Sep-20
49,Armor X8 4/64GB Black,Android,1035,4424,3470.0,5322.0,5.7,64.0,5080.0,Dec-20
17,B181 DUAL SIM BLACK,Android,621,275,265.0,299.0,1.8,0.032,800.0,Dec-20
47,B1P DS Champagne Gold,Android,110,1699,2498.449799196788,2927.6726907630527,5.45,8.0,4000.0,Jan-19
47,B1P DS Champagne Gold,Android,160,1699,2498.449799196788,2927.6726907630527,5.45,8.0,4000.0,Jan-19
7,B200RX (White),Android,390,646,552.0,799.0,2.0,0.064,1300.0,May-16
7,B200RX (Yellow),Android,599,655,532.0,799.0,2.0,0.064,1300.0,May-16
17,B241 Black,Android,448,400,375.0,433.0,2.4,0.032,1200.0,Dec-20
12,B26 Black,Android,1084,1488,1330.0,1819.0,2.4,34.04594722222218,1500.0,Dec-19
17,B505 Unit 4G Dual Sim Black,Android,49,1715,2498.449799196788,2927.672690763053,5.0,8.0,2500.0,Dec-18
16,BL5000 Black (6924351609900),Android,25,3107,2498.449799196788,2927.672690763053,5.5,64.0,5050.0,Aug-17
16,BL5000 Black (6924351609900),Android,94,3107,2498.449799196788,2927.672690763053,5.5,64.0,5050.0,Aug-17
9,BV1000 Black,Android,688,992,900.0,1186.0,2.4,0.032,3000.0,Jan-19
9,BV5500 2/16GB Black,Android,772,2596,2149.0,3099.0,5.5,16.0,4400.0,Feb-19
9,BV5500 Plus 3/32GB Black,Android,1023,2720,2560.0,3040.0,5.5,32.0,4400.0,Jun-20
9,BV5500 Pro 3/16GB Black,Android,553,3566,2629.0,3800.0,5.5,16.0,4400.0,Jun-19
9,BV5500 Pro 3/16GB Black,Android,548,3566,2629.0,3800.0,5.5,16.0,4400.0,Jun-19
9,BV6300 3/32GB Black,Android,849,3762,3590.0,4674.0,5.7,32.0,4380.0,Nov-20
9,BV8000 Pro Lion Gold,Android,536,4584,4440.0,5130.0,5.0,64.0,4180.0,Jul-17
9,BV8000 Pro Lion Gold,Android,525,4584,4440.0,5130.0,5.0,64.0,4180.0,Jul-17
54,Blade A3 2020 1/32GB Blue,Android,700,2016,1839.0,2229.0,5.45,32.0,2600.0,Mar-20
54,Blade A3 2020 1/32GB Grey,Android,619,2014,1839.0,2099.0,5.45,32.0,2600.0,Mar-20
54,Blade A3 2020 1/32GB Red,Android,446,2021,1839.0,2332.0,5.45,32.0,2600.0,Aug-20
54,Blade A5 2/16GB Black,Android,782,1999,2498.449799196788,2927.672690763053,5.45,16.0,2600.0,May-19
54,Blade A5 2/16GB Blue,Android,601,1999,2498.449799196788,2927.672690763053,5.45,16.0,2600.0,Jun-19
54,Blade A5 2/16GB Blue,Android,594,1999,2498.449799196788,2927.672690763053,5.45,16.0,2600.0,Jun-19
54,Blade A5 2/32GB Black,Android,706,2257,2199.0,2315.0,5.45,32.0,2600.0,Jul-20
54,Blade A5 2/32GB Blue,Android,529,2435,2199.0,2599.0,5.45,32.0,2600.0,Jun-19
54,Blade A5 2020 2/32GB Black,Android,942,2517,2299.0,2881.0,6.08,32.0,3200.0,Dec-19
54,Blade A7 2019 2/32GB Black,Android,978,2590,2399.0,2799.0,6.1,32.0,3200.0,May-19
54,Blade A7 2020 2/32GB Gradient,Android,1016,2783,2599.0,2999.0,6.08,32.0,4000.0,Dec-19
54,Blade A7 2020 3/64GB Gradient,Android,1071,3154,3069.0,3499.0,6.08,64.0,4000.0,Dec-19
54,Blade A7S 2/64GB Blue,Android,775,3052,2695.0,3549.0,6.5,64.0,4000.0,Sep-20
54,Blade L210 1/32GB Black,Android,642,1801,1678.0,2009.0,6.0,32.0,2600.0,Sep-20
54,Blade L210 1/32GB Blue,Android,399,1789,1678.0,1979.0,6.0,32.0,2600.0,Sep-20
54,Blade L210 1/32GB Blue,Android,418,1789,1678.0,1979.0,6.0,32.0,2600.0,Sep-20
54,Blade L8 1/16GB Black,Android,750,1552,1368.0,1646.0,5.0,16.0,2000.0,May-19
54,Blade L8 1/16GB Blue,Android,691,1529,1368.0,1917.0,5.0,16.0,2000.0,Jun-19
54,Blade V2020 Smart 4/64GB Grey,Android,941,3821,3577.0,4171.0,6.82,64.0,5000.0,Nov-20
57,C11 2/32GB Green,Android,753,3055,2999.0,3179.0,6.5,32.0,5000.0,Jul-20
57,C11 2/32GB Grey,Android,930,3015,2940.0,3179.0,6.5,32.0,5000.0,Jul-20
38,C18 Pro 4/64GB Purple,Android,386,3409,3149.0,3791.0,6.55,64.0,4000.0,Dec-20
38,C19 2/16GB Black,Android,610,2132,2049.0,2299.0,6.49,16.0,4000.0,Aug-20
38,C19 2/16GB Gradient Blue,Android,497,2104,2030.0,2299.0,6.49,16.0,4000.0,Oct-20
57,C2 2/32GB Diamond Black,Android,634,2899,2498.449799196788,2927.672690763053,6.1,32.0,4000.0,Feb-20
38,C21 4/64GB Black,Android,1044,3276,3149.0,3589.0,6.4,64.0,4000.0,Oct-20
57,C3 2/32GB Blue,Android,936,3296,3174.0,3399.0,6.5,32.0,5000.0,Apr-20
57,C3 2/32GB Red,Android,738,3361,3174.0,3399.0,6.5,32.0,5000.0,Apr-20
57,C3 3/32GB Red,Android,665,3399,2498.449799196788,2927.672690763053,6.5,32.0,5000.0,Oct-20
57,C3 3/64GB Blue,Android,1153,3812,3547.0,4049.0,6.5,64.0,5000.0,Apr-20
42,C552 Black,Android,307,1150,2498.449799196788,2927.672690763053,5.0,4.0,2000.0,Mar-18
42,C552 Red,Android,319,1150,2498.449799196788,2927.672690763053,5.0,4.0,2000.0,Mar-18
31,C9 2/16GB Black,Android,907,1899,2498.449799196788,2927.6726907630527,5.45,16.0,3000.0,Nov-18
31,C9 Pro 3/32GB Black,Android,161,2618,2498.449799196788,2927.672690763053,5.45,32.0,3000.0,Dec-18
31,C9 Pro 3/32GB Black,Android,111,2618,2498.449799196788,2927.672690763053,5.45,32.0,3000.0,Dec-18
14,CORE-X3 2/16GB Dark Blue,Android,62,2950,2498.449799196788,2927.6726907630527,5.0,16.0,3500.0,Aug-20
47,Camon 12 Air CC6 Alpenglow Gold,Android,449,2999,2498.449799196788,2927.6726907630527,6.55,32.0,4000.0,Nov-19
47,Camon 12 CC7 Dark Jade,Android,522,3440,3149.0,3799.0,6.52,64.0,4000.0,Nov-19
47,Camon 15 4/64GB Dark Jade (4895180755057),Android,876,4057,3949.0,4499.0,6.6,64.0,5000.0,Aug-20
44,Comfort 50 Elegance3 SIMO ASSISTANT Red,Android,583,810,699.0,830.0,2.8,34.04594722222219,1600.0,Jul-18
44,Comfort 50 Grand Black,Android,200,641,588.0,699.0,2.3,34.04594722222219,1000.0,Feb-19
44,Comfort 50 HIT 2020 Black,Android,990,444,399.0,459.0,1.77,34.04594722222218,1450.0,Dec-19
44,Comfort 50 SOLO Black,Android,253,777,690.0,853.0,2.2,34.04594722222219,1650.0,Aug-19
44,Comfort 50 SOLO Black,Android,265,777,690.0,853.0,2.2,34.04594722222219,1650.0,Aug-19
44,Comfort 50 Shell Duo Red (4827798212325),Android,1021,988,911.0,1049.0,4.778581871345041,34.04594722222218,800.0,Oct-16
13,Cool Play 6 6/64GB Black,Android,271,3968,3947.0,3990.0,5.5,64.0,4060.0,Nov-18
13,Cool Play 6 6/64GB Black,Android,259,3968,3947.0,3990.0,5.5,64.0,4060.0,Nov-18
5,Core 50 16GB Red,Android,245,2059,1899.0,2099.0,5.0,16.0,2000.0,Aug-18
10,D6 Pro 2/16GB Black,Android,159,1979,2498.449799196788,2927.6726907630527,5.5,16.0,2700.0,Feb-19
10,D6 Pro 2/16GB Black,Android,109,1979,2498.449799196788,2927.6726907630527,5.5,16.0,2700.0,Feb-19
28,D855 G3 32GB (Silk White),Android,494,2884,2498.449799196788,2927.6726907630527,5.5,32.0,3000.0,May-14
28,D858 G3 Dual (Metallic Black),Android,488,2969,2498.449799196788,2927.6726907630523,5.5,32.0,3000.0,Oct-15
32,Droid Turbo 2 32GB (Ballistic Nylon Black),Android,269,5590,2498.449799196788,2927.6726907630527,5.4,32.0,3760.0,Dec-15
32,Droid Turbo 2 32GB (Ballistic Nylon Black),Android,257,5590,2498.449799196788,2927.6726907630527,5.4,32.0,3760.0,Dec-15
39,E169 Gray,Android,746,807,749.0,1049.0,2.4,34.04594722222218,1600.0,Aug-19
39,E169 Red,Android,397,806,749.0,1049.0,2.4,34.04594722222218,1600.0,Aug-19
0,E180 2019 Red (680576170057),Android,56,301,289.0,346.0,1.77,0.032,800.0,Dec-19
0,E240 Black,Android,389,413,359.0,549.0,2.4,0.032,1800.0,Feb-18
0,E240 Power DualSim Black (680576170088),Android,335,546,507.0,581.0,2.4,0.032,3000.0,Dec-20
0,E240 Power DualSim Black (680576170088),Android,296,546,507.0,581.0,2.4,0.032,3000.0,Dec-20
0,E280 Dual Sim Black,Android,251,499,2498.449799196788,2927.6726907630523,2.8,0.032,1450.0,Nov-17
0,E450A 2018 DualSim Black,Android,563,1250,1215.0,1338.0,4.5,8.0,1500.0,Aug-18
0,E450R DualSim Gray,Android,571,1850,1499.0,2499.0,4.5,8.0,2600.0,Dec-17
0,E500A 2019 DualSim Black,Android,670,1362,1319.0,1499.0,5.0,8.0,2500.0,May-19
32,E6 Plus 4/64GB Polish Grey,Android,79,3490,2498.449799196788,2927.6726907630523,6.1,64.0,3000.0,Jul-20
32,E6 Plus XT2025-2 4/64GB Blue,Android,762,3444,3399.0,3490.0,6.1,64.0,3000.0,Jan-20
32,E6S 4/64 GB Meteor Grey (PAJE0031RS),Android,1178,2992,2888.0,3205.0,6.1,64.0,3000.0,Sep-20
32,E7 Plus 4/64GB Misty Blue (PAKX0008RS),Android,929,4217,4199.0,4290.0,6.5,64.0,5000.0,Sep-20
17,F186 Solace DS Black,Android,901,391,345.0,476.0,1.77,0.032,1000.0,Jul-19
17,F186 Solace DS Silver,Android,523,373,345.0,399.0,1.77,0.032,1000.0,Jul-19
17,F188 Play DS Black,Android,333,272,227.0,289.0,1.77,34.04594722222219,1000.0,Feb-20
17,F188 Play DS Black,Android,294,272,227.0,289.0,1.77,34.04594722222218,1000.0,Feb-20
17,F243 Swift Dual Sim Black,Android,151,374,369.0,379.0,2.4,0.032,1800.0,Oct-17
17,F243 Swift Dual Sim Blue,Android,122,379,2498.449799196788,2927.6726907630523,2.4,0.032,1800.0,Dec-18
17,F243 Swift Dual Sim Blue,Android,163,379,2498.4497991967883,2927.6726907630527,2.4,0.032,1800.0,Dec-18
17,F243 Swift Dual Sim Blue,Android,113,379,2498.4497991967883,2927.6726907630523,2.4,0.032,1800.0,Dec-18
17,F245 Strength Dual Sim Yellow/Black,Android,12,699,2498.4497991967883,2927.672690763052,2.4,0.032,1400.0,Mar-20
17,F248 Defender Dual SIM Black,Android,45,649,2498.4497991967883,2927.6726907630523,2.4,34.04594722222218,2000.0,Oct-19
17,F282 Travel Dual Sim Black,Android,556,583,565.0,599.0,2.8,0.032,3100.0,Apr-18
17,F282 Travel Dual Sim Black,Android,551,583,565.0,599.0,2.8,0.032,3100.0,Apr-18
17,F284 Balance Dual Sim Black,Android,227,477,430.0,499.0,2.8,34.04594722222219,800.0,Feb-20
17,F285 Wide DS Black,Android,186,523,447.0,549.0,2.0,34.04594722222218,1800.0,Nov-19
17,F285 Wide DS Black,Android,219,523,447.0,549.0,2.0,34.04594722222218,1800.0,Nov-19
0,F534L 2018 DualSim Black,Android,600,1610,1495.0,1701.0,5.3,16.0,3020.0,Nov-18
0,F534L 2018 DualSim Gold,Android,473,1599,2498.4497991967883,2927.6726907630523,5.3,16.0,3020.0,Nov-18
0,F572L 2018 DualSim Red,Android,181,2167,1999.0,2336.0,5.7,16.0,3020.0,Oct-18
0,F572L 2018 DualSim Silver,Android,567,1939,1759.0,1999.0,5.7,16.0,3020.0,Oct-18
18,FF243 (Black),Android,442,474,418.0,655.0,2.4,0.032,1700.0,Aug-16
18,FF249 Dual Sim Black,Android,905,557,497.0,719.0,2.4,0.032,4000.0,Dec-18
18,FF250 Black,Android,773,314,239.0,379.0,2.4,34.04594722222218,800.0,Jan-20
18,FF281 Dual Sim (Black),Android,653,547,499.0,719.0,2.8,0.032,1400.0,Jul-16
18,FF281 Silver,Android,502,545,497.0,679.0,2.8,0.032,1400.0,Nov-20
28,G6 32GB Black (H870S.ACISBK),Android,710,3742,2498.4497991967883,2927.672690763052,5.7,32.0,3300.0,Mar-17
28,G6 64GB Black (LGH870DS.ACISBK),Android,637,3850,2498.4497991967883,2927.672690763052,5.7,64.0,3300.0,Mar-17
28,G6 64GB Platinum (LGH870DS.ACISPL),Android,745,3799,2498.4497991967883,2927.672690763052,5.7,64.0,3300.0,Mar-17
28,G6 G600L 4/64GB Black,Android,603,4099,2498.4497991967883,2927.6726907630523,5.7,64.0,3300.0,Mar-19
28,G6 G600L 4/64GB Black,Android,596,4099,2498.4497991967883,2927.672690763052,5.7,64.0,3300.0,Mar-19
28,G6 G600L 4/64GB Platinum,Android,674,4099,2498.4497991967883,2927.6726907630514,5.7,64.0,3300.0,Mar-19
32,G7 4/64GB Ceramic Black (XT1962-6),Android,686,4849,4499.0,5199.0,6.2,64.0,3000.0,Jul-20
28,G7 ThinQ 4/64GB Aurora Black (LMG710EMW.ACISBK),Android,1030,5571,5566.0,5576.0,6.1,64.0,3000.0,May-18
28,G7 ThinQ 4/64GB Moroccan Blue (LMG710EMW.ACISBL),Android,923,5421,5266.0,5576.0,6.1,64.0,3000.0,May-18
28,G7 ThinQ 4/64GB Platinum Gray,Android,851,5713,5566.0,5998.0,6.1,64.0,3000.0,May-18
28,G7 ThinQ 4/64GB Raspberry Rose,Android,427,5798,5599.0,5998.0,6.1,64.0,3000.0,May-18
32,G8 Power 4/64GB Dual Sim Black (PAHF0007RS),Android,925,5464,4999.0,6031.0,6.4,64.0,5000.0,Jul-20
32,G8 Power Lite 4/64GB Royal Blue (PAJC0017RS),Android,840,4772,4399.0,5342.0,6.5,64.0,5000.0,Jul-20
32,G9 Play 4/64GB Sapphire Blue (PAKK0016RS),Android,1062,4812,4434.0,5877.0,6.5,64.0,5000.0,Sep-20
43,G920F Galaxy S6 32GB (White Pearl),Android,845,3529,3100.0,3959.0,5.1,32.0,2550.0,Mar-15
43,G925F Galaxy S6 Edge 32GB (White Pearl),Android,325,4511,2498.4497991967883,2927.672690763052,5.1,32.0,2600.0,Mar-15
43,G935FD Galaxy S7 Edge 32GB Gold (SM-G935FZDU),Android,605,5930,2498.4497991967883,2927.672690763052,5.5,32.0,3600.0,Feb-16
43,Galaxy A01 2/16GB Black (SM-A015FZKD),Android,1163,2940,2673.0,3158.0,5.7,16.0,3000.0,Jan-20
43,Galaxy A01 Core 1/16GB Black (SM-A013FZKD),Android,1073,2344,2098.0,2553.0,5.3,16.0,3000.0,Aug-20
43,Galaxy A02s 3/32GB Blue (SM-A025FZBE),Android,1078,3776,3599.0,3799.0,6.5,32.0,5000.0,Jan-21
43,Galaxy A10s 2019 SM-A107F 2/32GB Black (SM-A107FZKD),Android,1129,3348,3170.0,3999.0,6.2,32.0,4000.0,Aug-19
43,Galaxy A11 2/32GB Black (SM-A115FZKN),Android,1036,4101,3536.0,4396.0,6.4,32.0,4000.0,Jun-20
43,Galaxy A12 SM-A125F 3/32GB Black (SM-A125FZKUSEK),Android,1008,4473,4186.0,4999.0,6.5,32.0,5000.0,Jan-21
43,Galaxy A12 SM-A125F 4/64GB Black (SM-A125FZKVSEK),Android,1092,4977,4598.0,5499.0,6.5,64.0,5000.0,Jan-21
43,Galaxy A2 Core 2019 SM-A260 1/16GB Blue,Android,100,3222,3029.0,3515.0,5.0,16.0,2600.0,Nov-19
43,Galaxy A2 Core 2019 SM-A260 1/16GB Blue,Android,91,3222,3029.0,3515.0,5.0,16.0,2600.0,Nov-19
43,Galaxy A20e SM-A202F 3/32GB Black SM-A202FZKD,Android,1040,4595,4309.0,5095.0,5.8,32.0,3000.0,Jul-19
43,Galaxy A20e SM-A202F 3/32GB White (SM-A202FZWD),Android,54,4300,4100.0,4500.0,5.8,32.0,3000.0,Dec-19
43,Galaxy A20s 2019 A207F 3/32GB Black (SM-A207FZKD),Android,1017,4126,3599.0,4399.0,6.5,32.0,4000.0,Oct-19
43,Galaxy A21s 3/32GB Black (SM-A217FZKN),Android,1059,5174,4598.0,6470.0,6.5,32.0,5000.0,Jun-20
43,Galaxy A30s 3/32GB Black (SM-A307FZKU),Android,1072,4524,3999.0,4789.0,6.4,32.0,4000.0,Sep-19
43,Galaxy A30s 4/128GB White,Android,261,6340,2498.4497991967883,2927.672690763052,6.4,64.0,4000.0,Nov-19
43,Galaxy A30s 4/128GB White,Android,273,6340,2498.4497991967883,2927.6726907630514,6.4,64.0,4000.0,Nov-19
43,Galaxy A30s 4/64GB Green (SM-A307FZGV),Android,778,6098,5799.0,6399.0,6.4,64.0,4000.0,Sep-19
43,Galaxy A31 4/64GB Black (SM-A315FZKU),Android,1185,5997,5368.0,6999.0,6.4,64.0,5000.0,Apr-20
43,Galaxy A50 2019 SM-A505F 4/64GB Blue (SM-A505FZBU),Android,874,5527,5499.0,5555.0,6.4,64.0,4000.0,Mar-19
43,Galaxy A6+ 3/32GB Gold (SM-A605FZDN),Android,205,7064,7032.0,7129.0,6.0,32.0,3500.0,May-18
43,Galaxy A6+ 3/32GB Lavender,Android,484,5292,5255.0,5330.0,6.0,32.0,3500.0,May-18
43,Galaxy A6+ 4/32GB Gold,Android,346,7071,7032.0,7129.0,6.0,32.0,3500.0,Jun-18
43,Galaxy A7 2018 4/64GB Black (SM-A750FZKU),Android,279,5699,2498.4497991967883,2927.6726907630514,6.0,64.0,3300.0,Oct-18
43,Galaxy A7 2018 4/64GB Blue (SM-A750FZBU),Android,689,5893,5570.0,6283.0,6.0,64.0,3300.0,Oct-18
43,Galaxy A8+ 2018 4/64GB Orchid Gray,Android,143,6542,2498.4497991967883,2927.672690763052,6.0,64.0,3500.0,Feb-18
43,Galaxy J6 2018 2/32GB Gold (SM-J600FZDD),Android,761,3498,2498.4497991967883,2927.6726907630514,5.6,32.0,3000.0,Jun-18
43,Galaxy M10 SM-M105F 2/16GB Black (SM-M105GDAG),Android,132,4268,4116.0,4516.0,6.22,16.0,3400.0,Mar-19
43,Galaxy M10 SM-M105F 2/16GB Black (SM-M105GDAG),Android,157,4268,4116.0,4516.0,6.22,16.0,3400.0,Mar-19
43,Galaxy M10 SM-M105F 2/16GB Black (SM-M105GDAG),Android,107,4268,4116.0,4516.0,6.22,16.0,3400.0,Mar-19
43,Galaxy M10 SM-M105F 3/32GB Black,Android,270,4100,2498.4497991967883,2927.6726907630514,6.22,32.0,3400.0,Mar-19
43,Galaxy M10 SM-M105F 3/32GB Black,Android,258,4100,2498.4497991967883,2927.6726907630514,6.22,32.0,3400.0,Mar-19
43,Galaxy M10 SM-M105F 3/32GB Blue,Android,64,4095,4090.0,4100.0,6.22,32.0,3400.0,Mar-19
43,Galaxy M10S M107F 3/32GB Black,Android,145,4882,4650.0,4999.0,6.4,32.0,4000.0,Apr-20
43,Galaxy M115 M11 3/32 Black (SM-M115FZKN),Android,1049,4171,3799.0,4677.0,6.4,32.0,5000.0,Apr-20
43,Galaxy S7 G930F 32GB (Black),Android,824,5400,2498.4497991967883,2927.6726907630514,5.1,32.0,3000.0,Apr-16
40,Grace A1 1281 Dual Sim Red (PFP1281DUORED),Android,207,460,399.0,599.0,2.8,0.032,950.0,Sep-17
28,H791 Nexus 5X 32GB (Mint),Android,191,4189,2498.4497991967883,2927.6726907630514,5.2,32.0,2700.0,Sep-15
28,H791 Nexus 5X 32GB (Mint),Android,225,4189,2498.4497991967883,2927.672690763051,5.2,32.0,2700.0,Sep-15
28,H990 V20 Dual 64GB (Black),Android,880,3299,2498.4497991967883,2927.672690763051,5.7,64.0,3200.0,Nov-16
28,H990 V20 Dual 64GB (Silver),Android,630,3299,2498.4497991967883,2927.6726907630514,5.7,64.0,3200.0,Nov-16
56,Hammer Energy Black,Android,4,5600,2498.4497991967883,2927.672690763051,5.0,16.0,5000.0,Jan-17
29,K10 Note 4/64GB Black,Android,960,4630,4377.0,5026.0,6.39,64.0,4050.0,Jun-20
29,K5 Pro 4/64GB Black,Android,731,3786,3639.0,3933.0,5.99,64.0,4050.0,Feb-19
8,KEYone,Android,916,5674,5499.0,5849.0,4.5,32.0,3505.0,Sep-17
15,King Kong CS,Android,115,2500,2399.0,2651.0,5.0,16.0,4400.0,Dec-20
15,King Kong CS,Android,124,2500,2399.0,2651.0,5.0,16.0,4400.0,Dec-20
15,King Kong CS,Android,165,2500,2399.0,2651.0,5.0,16.0,4400.0,Dec-20
15,Kingkong mini 3/32GB Red,Android,811,3046,2889.0,3349.0,4.0,32.0,2000.0,Aug-20
15,Kingkong mini 3/32GB Yellow,Android,749,3046,2889.0,3349.0,4.0,32.0,2000.0,Aug-20
34,Lumia 925 (Black),WindowsPhone,199,2600,2498.4497991967883,2927.672690763051,4.5,16.0,2000.0,Jul-13
34,Lumia 925 (White),WindowsPhone,178,2600,2498.4497991967883,2927.672690763051,4.5,16.0,2000.0,Jul-13
34,Lumia 925 (White),WindowsPhone,214,2600,2498.4497991967883,2927.672690763051,4.5,16.0,2000.0,Jul-13
26,M1 Art (Red),Android,6,610,2498.4497991967883,2927.672690763051,1.77,34.045947222222175,650.0,Oct-15
31,M10 2/32GB Black,Android,120,3190,2950.0,3499.0,6.5,32.0,4000.0,Oct-19
31,M10 2/32GB Red,Android,232,3312,3099.0,3499.0,6.5,32.0,4000.0,Oct-19
31,M10 3/32GB Black,Android,890,3325,2899.0,3705.0,6.5,32.0,4000.0,Oct-19
31,M10 3/32GB Blue,Android,119,3608,3325.0,3899.0,6.5,32.0,4000.0,Oct-19
1,M2 Gold,Android,380,1491,1192.0,1767.0,2.4,34.04594722222218,1970.0,Sep-19
1,M3 Black,Android,387,1484,1189.0,1881.0,2.4,34.04594722222219,1970.0,Dec-19
1,M5 Black,Android,668,2840,2798.0,2907.0,2.8,8.0,2500.0,Mar-20
31,M6 Note 3/16GB Black,Android,651,3281,3199.0,3363.0,5.5,16.0,4000.0,Nov-17
31,M6T 2/16GB Black,Android,345,2765,2699.0,2899.0,5.7,16.0,3300.0,Jul-18
31,M6T 3/32GB Blue,Android,305,2999,2498.4497991967883,2927.6726907630505,5.7,32.0,3300.0,Jul-18
31,M6s 3/64GB Gold,Android,144,4200,2498.4497991967883,2927.672690763051,5.7,64.0,3000.0,Jan-18
31,M8 4/64GB Black,Android,786,3855,3549.0,4739.0,5.7,64.0,3100.0,Nov-18
31,M8 4/64GB Blue,Android,482,3726,3549.0,4059.0,5.7,64.0,3100.0,Feb-19
16,MIX 2 6/64GB Black,Android,169,3682,3636.0,3733.0,6.0,64.0,4060.0,Jan-18
30,MM111,Android,453,563,526.0,688.0,1.4,0.032,460.0,Dec-20
30,MM111,Android,458,563,526.0,688.0,1.4,0.032,460.0,Dec-20
30,MM135 Black-Blue,Android,48,335,289.0,398.0,1.77,34.04594722222218,600.0,Aug-19
30,MM142 Black,Android,394,394,355.0,425.0,2.4,34.04594722222218,1400.0,Aug-19
30,MM236 Black-Silver,Android,283,666,553.0,799.0,2.8,34.04594722222219,950.0,May-18
30,MM320 Black,Android,242,921,843.0,999.0,3.2,34.04594722222219,1000.0,Jun-20
30,MM320 Black,Android,239,921,843.0,999.0,3.2,34.04594722222219,1000.0,Jun-20
30,MM426 Black,Android,747,528,501.0,560.0,1.77,0.032,600.0,Feb-20
30,MM471 White,Android,338,774,757.0,795.0,2.2,34.04594722222219,1400.0,Aug-20
30,MM720 Black,Android,521,720,622.0,775.0,2.2,34.04594722222219,800.0,May-18
30,MM817 Black,Android,414,747,699.0,795.0,2.4,34.045947222222196,800.0,Jun-20
30,MM817 Black,Android,404,747,699.0,795.0,2.4,34.04594722222219,800.0,Jun-20
53,Mi5 3/32GB Gold,Android,511,4098,2498.4497991967883,2927.672690763051,5.15,32.0,3000.0,Feb-16
50,Mix 2 M2 4/64GB Black,Android,801,2786,2644.0,2934.0,6.0,64.0,4200.0,Aug-19
50,Mix 2 M2 4/64GB Blue,Android,559,2865,2469.0,3089.0,6.0,64.0,4200.0,Oct-18
19,Mobile GM8 Space Gray,Android,228,2724,2249.0,3599.0,5.7,32.0,3017.870778267254,Jul-18
32,Moto C Plus XT1723 16GB Gold (PA800126UA),Android,75,2999,2498.4497991967883,2927.6726907630505,5.0,16.0,4000.0,Jul-17
32,Moto E4 (XT1762) Metallic Iron Gray (PA750058UA),Android,153,2590,2498.4497991967883,2927.6726907630505,5.0,16.0,2800.0,Jun-17
32,Moto E5 Plus XT1924-1 DualSim Black (PABA0014UA),Android,183,4090,2498.4497991967883,2927.6726907630505,6.0,32.0,5000.0,Aug-18
32,Moto E5 XT1944 16GB black,Android,203,2590,2498.4497991967883,2927.6726907630505,5.7,16.0,4000.0,Aug-18
32,Moto G5 2/16GB Gold (PA610071UA),Android,441,2243,2498.4497991967883,2927.6726907630505,5.0,16.0,2800.0,Mar-17
32,Moto G5s (XT1794) Lunar Gray (PA7W0024UA),Android,431,3569,3549.0,3590.0,5.2,32.0,3000.0,Aug-17
32,Moto G5s (XT1794) Lunar Gray (PA7W0024UA),Android,434,3569,3549.0,3590.0,5.2,32.0,3000.0,Aug-17
32,Moto G5s XT1799 4/64GB Black (PA930008CN),Android,554,3569,3549.0,3590.0,5.2,64.0,3000.0,May-19
32,Moto G5s XT1799 4/64GB Black (PA930008CN),Android,549,3569,3549.0,3590.0,5.2,64.0,3000.0,May-19
32,Moto G6 Play XT1922-5 Dual Sim 32GB Indigo Blue,Android,147,3590,2498.4497991967883,2927.67269076305,5.7,32.0,4000.0,Jun-18
32,Moto G7 Play XT1952-2 Dual Sim 2/32GB Deep Indigo,Android,487,3494,3199.0,3790.0,5.7,32.0,3000.0,May-19
32,Moto G7 Power XT1955-4 4/64GB Ceramic Black,Android,189,5790,2498.4497991967883,2927.6726907630505,6.2,64.0,5000.0,Aug-19
32,Moto G7 Power XT1955-4 4/64GB Ceramic Black,Android,236,5790,2498.4497991967883,2927.6726907630505,6.2,64.0,5000.0,Aug-19
32,Moto G8 4/64GB Blue (PAHL0004RS),Android,722,5084,4499.0,5415.0,6.4,64.0,4000.0,Aug-20
32,Moto G8 4/64GB Blue (PAHL0004RS),Android,720,5084,4499.0,5415.0,6.4,64.0,4000.0,Aug-20
32,Moto G8 4/64GB White (PAHL0010RS),Android,528,5105,4399.0,5415.0,6.4,64.0,4000.0,Aug-20
32,Moto G8 4/64GB White (PAHL0010RS),Android,539,5105,4399.0,5415.0,6.4,64.0,4000.0,Aug-20
32,Moto G8 Plus XT2019-1 4/64GB Dual Sim Cosmic Blue (PAGE0015RS),Android,1041,5573,5299.0,5799.0,6.3,64.0,4000.0,Nov-19
32,Moto M Grey (PA5D0075UA),Android,47,3490,2498.4497991967883,2927.6726907630505,5.5,32.0,3050.0,Mar-17
32,Moto X (2nd. Gen) (Black) 16GB,Android,7,3490,2498.4497991967887,2927.672690763051,5.2,16.0,2300.0,Sep-14
32,Moto X Force (Black),Android,638,5294,4999.0,5590.0,5.4,32.0,3760.0,Apr-16
32,Moto X4 3/32GB Black (PA8X0004UA),Android,170,5790,2498.4497991967887,2927.672690763051,5.2,32.0,3000.0,Nov-17
32,Moto Z 32GB Black (SM4389AE7U1),Android,174,4990,2498.4497991967887,2927.672690763051,5.5,32.0,2600.0,Sep-16
32,Moto Z 32GB Black (SM4389AE7U1),Android,210,4990,2498.4497991967887,2927.6726907630514,5.5,32.0,2600.0,Sep-16
32,Moto Z 32GB Black (SM4389AE7U1),Android,223,4990,2498.4497991967887,2927.6726907630514,5.5,32.0,2600.0,Sep-16
32,Moto Z 32GB White/Gold (SM4389AD1U1),Android,196,3796,3399.0,4990.0,5.5,32.0,2600.0,Sep-16
32,Moto Z2 Force 6/64GB Black (PA900007UA),Android,808,7094,6999.0,7190.0,5.5,64.0,2730.0,Nov-17
32,Moto Z2 Force SS 4/64GB Fine Gold,Android,703,5999,2498.4497991967887,2927.6726907630514,5.5,64.0,2730.0,Dec-20
32,Moto Z2 Play Fine Gold (SM4482AJ1K7),Android,46,5244,4999.0,5490.0,5.5,64.0,3000.0,Jul-17
32,Moto Z2 Play Lunar Grey (SM4482AC3K7),Android,322,5244,4999.0,5490.0,5.5,64.0,3000.0,Jul-17
32,Moto Z3 Play 4/64GB Deep Indgo,Android,374,6590,6190.0,6990.0,6.01,64.0,3000.0,Jul-18
11,N1-550 Cruiser Dual Sim Black,Android,35,2599,2498.4497991967887,2927.672690763052,5.5,16.0,4500.0,Nov-18
11,N1-550 Cruiser Dual Sim Black,Android,85,2599,2498.4497991967887,2927.672690763052,5.5,16.0,4500.0,Nov-18
16,N10 3/32GB Purple,Android,614,2299,2498.4497991967887,2927.672690763052,5.84,32.0,3360.0,Nov-19
16,N20 4/64GB Black,Android,875,2989,2835.0,3306.0,6.3,64.0,4350.0,Oct-19
43,N920C Galaxy Note 5 32GB (Gold Platinum),Android,31,5494,2498.4497991967887,2927.672690763052,5.7,32.0,3000.0,Oct-15
20,Neon A1,Android,463,652,600.0,705.0,1.77,0.032,800.0,Jul-17
20,Neon A1,Android,456,652,600.0,705.0,1.77,0.032,800.0,Jul-17
32,Nexus 6 32GB (Cloud White),Android,340,3895,2498.4497991967887,2927.6726907630523,5.3,32.0,3220.0,Jan-15
37,Nord N100 4/64GB Midnight Frost,Android,965,6112,5825.0,6999.0,6.52,64.0,5000.0,Nov-20
49,Note 7P 3/32GB Twilight,Android,28,2999,2749.0,3358.0,6.1,32.0,3500.0,Aug-19
49,Note 7P 3/32GB Twilight,Android,22,2999,2749.0,3358.0,6.1,32.0,3500.0,Aug-19
49,Note 8P 2/16GB Black,Android,312,2125,1860.0,2369.0,5.5,16.0,2700.0,Jul-20
49,Note 8P 2/16GB Midnight Green,Android,211,2148,1877.0,2369.0,5.5,16.0,2700.0,Jul-20
49,Note 8P 2/16GB Midnight Green,Android,175,2148,1877.0,2369.0,5.5,16.0,2700.0,Jul-20
31,Note 9 4/64GB Black,Android,1167,4430,4069.0,5372.0,6.2,64.0,4000.0,May-19
32,One Fusion 4/64GB Deep Sapphire Blue,Android,481,7190,2498.4497991967887,2927.6726907630523,6.5,64.0,5000.0,Sep-20
32,One Macro XT2016-1 4/64GB Blue,Android,135,4550,2498.4497991967887,2927.6726907630523,6.2,64.0,4000.0,May-20
32,One Power XT1942-1 4/64GB Dual Sim Black,Android,512,5290,2498.4497991967887,2927.6726907630527,6.2,64.0,5000.0,Mar-19
32,One XT1941-4 4/64GB Dual Sim Black,Android,480,4490,2498.4497991967887,2927.6726907630527,5.9,64.0,3000.0,Dec-18
23,P smart 2019 3/64GB Black (51093FSW),Android,825,4262,3845.0,4990.0,6.21,64.0,3400.0,Dec-18
23,P smart Z 4/64GB Emerald Green (51093WVK),Android,1076,4989,4299.0,5499.0,6.59,64.0,4000.0,Jul-19
23,P smart+ 4/64GB Black (51092TFB),Android,500,5380,2498.4497991967887,2927.6726907630527,6.3,64.0,3340.0,Aug-18
15,P30 4/64GB Black,Android,495,3320,3069.0,3586.0,6.3,64.0,4000.0,Jun-20
23,P40 lite E 4/64GB Midnight Black (51095DCE),Android,1134,4243,3760.0,5999.0,6.39,64.0,4000.0,Mar-20
45,P600 Black,Android,301,1699,2498.4497991967887,2927.672690763053,5.5,16.0,4000.0,Jan-19
45,P600 Gold,Android,326,1699,2498.4497991967887,2927.672690763053,5.5,16.0,4000.0,Jan-19
42,P760 Black,Android,391,1799,2498.4497991967887,2927.672690763053,5.5,16.0,4000.0,Mar-19
23,P8 Prestige Gold,Android,241,3487,2498.4497991967887,2927.6726907630537,5.2,16.0,2680.0,Sep-15
23,P8 Prestige Gold,Android,238,3487,2498.4497991967887,2927.6726907630537,5.2,16.0,2680.0,Sep-15
47,POP 2F B1F 1/16GB Midnight Black (4895180746659),Android,794,1631,1479.0,1699.0,5.5,16.0,2400.0,Sep-19
47,POP 3 BB2 1/16GB DS Sandstone Black (4895180751288),Android,468,1810,1629.0,1979.0,5.7,16.0,3500.0,Jul-20
47,POP 4 BC2 2/32GB DS Ice Lake Green (4895180759420),Android,864,2236,2069.0,2299.0,6.0,32.0,5000.0,Aug-20
21,Pixel 32GB (Quite Black),Android,588,4729,4699.0,4760.0,5.0,32.0,2770.0,Oct-16
47,Pop 4 Pro BC3 1/16GB Cosmic Shine,Android,639,2314,1999.0,2419.0,6.52,16.0,5000.0,Nov-20
57,Q 6/64GB Blue,Android,244,5957,2498.4497991967887,2927.6726907630537,6.3,64.0,4035.0,Mar-20
15,Quest 4/64GB Black,Android,13,4099,2498.4497991967887,2927.6726907630537,5.5,64.0,4000.0,Feb-20
0,R240 Dual Sim Black,Android,655,877,720.0,1089.0,2.4,0.032,2000.0,Oct-17
53,Redmi 4x 2/16GB Black,Android,580,2358,2353.0,2363.0,5.0,16.0,4100.0,Mar-17
53,Redmi 4x 2/16GB Gold,Android,597,2358,2353.0,2363.0,5.0,16.0,4100.0,Mar-17
53,Redmi 4x 4/64GB Black,Android,1093,2826,2775.0,2850.0,5.0,64.0,4100.0,Aug-17
53,Redmi 4x 4/64GB Gold,Android,850,2826,2775.0,2850.0,5.0,64.0,4100.0,Jul-17
53,Redmi 5 3/32GB Black,Android,636,2950,2498.4497991967887,2927.672690763054,5.7,32.0,3300.0,Dec-17
53,Redmi 5 3/32GB Gold,Android,743,3882,2940.0,4427.0,5.7,32.0,3300.0,Dec-17
53,Redmi 5 Plus 4/64GB Black,Android,608,3463,3458.0,3469.0,5.9,64.0,4000.0,Dec-17
53,Redmi 5 Plus 4/64GB Gold,Android,859,4265,3458.0,5349.0,5.9,64.0,4000.0,Dec-17
53,Redmi 5A 2/16GB Gold,Android,715,2420,2150.0,2560.0,5.0,16.0,3080.0,Oct-17
53,Redmi 5A 3/32GB Gold,Android,141,2400,2350.0,2450.0,5.0,32.0,3080.0,Apr-18
53,Redmi 5A 3/32GB Gray,Android,358,2749,2350.0,3449.0,5.0,32.0,3080.0,Apr-18
53,Redmi 5A 3/32GB Gray,Android,366,2749,2350.0,3449.0,5.0,32.0,3080.0,Apr-18
53,Redmi 6 3/32GB Black,Android,878,2794,2670.0,2877.0,5.45,32.0,3000.0,Jul-18
53,Redmi 6 3/32GB Gold,Android,758,2794,2670.0,2877.0,5.45,32.0,3000.0,Jun-18
53,Redmi 6 3/64GB Black,Android,667,3054,2498.4497991967887,2927.672690763054,5.45,64.0,3000.0,Oct-18
53,Redmi 6 3/64GB Gold,Android,343,3193,3054.0,3333.0,5.45,64.0,3000.0,Oct-18
53,Redmi 6 3/64GB Gold,Android,362,3193,3054.0,3333.0,5.45,64.0,3000.0,Oct-18
53,Redmi 6 4/64GB Black,Android,760,3480,2995.0,4654.0,5.45,64.0,3000.0,Aug-18
53,Redmi 6 Pro 3/32GB Black,Android,657,3317,3233.0,3402.0,5.84,32.0,4000.0,Jul-18
53,Redmi 6 Pro 4/64GB Black,Android,733,3627,3550.0,3675.0,5.84,64.0,4000.0,Jul-18
53,Redmi 7 4/64GB Blue,Android,176,3671,3539.0,3785.0,6.26,64.0,4000.0,Mar-19
53,Redmi 7 4/64GB Blue,Android,212,3671,3539.0,3785.0,6.26,64.0,4000.0,Mar-19
53,Redmi 7a 2/16GB Black,Android,435,3248,2498.4497991967887,2927.672690763054,5.45,16.0,4000.0,Jul-19
53,Redmi 7a 3/32GB Black,Android,999,3468,3248.0,3762.0,5.45,32.0,4000.0,Jul-19
53,Redmi 8 3/32GB Black,Android,1007,3559,3480.0,3599.0,6.22,32.0,5000.0,Oct-19
53,Redmi 8 4/64GB Blue,Android,1188,3840,3449.0,4286.0,6.22,64.0,5000.0,Oct-19
53,Redmi 8A 3/32GB Black,Android,866,3219,2498.4497991967887,2927.6726907630546,6.22,32.0,5000.0,Mar-20
53,Redmi 8A 4/64GB Black,Android,1158,3503,3315.0,3950.0,6.22,64.0,5000.0,Apr-20
53,Redmi 9 3/32GB Grey NFC,Android,1151,4047,3795.0,4854.0,6.53,32.0,5020.0,Jun-20
53,Redmi 9 3/32GB Purple no NFC,Android,654,4099,3733.0,4840.0,6.53,32.0,5020.0,Nov-20
53,Redmi 9 4/64GB Grey NFC,Android,1206,4492,4295.0,5254.0,6.53,64.0,5020.0,Jun-20
53,Redmi 9 4/64Gb Pink (no NFC),Android,976,4316,4077.0,4745.0,6.53,64.0,5020.0,Nov-20
53,Redmi 9A 2/32GB Granite Gray,Android,1142,3163,2898.0,4155.0,6.53,32.0,5000.0,Jul-20
53,Redmi 9C 2/32GB Midnight Gray,Android,934,3490,3293.0,4302.0,6.53,32.0,5000.0,Aug-20
53,Redmi 9C 3/64GB Midnight Gray,Android,1123,3778,3697.0,4499.0,6.53,64.0,5000.0,Aug-20
53,Redmi 9C NFC 2/32GB Midnight Gray,Android,863,3484,3199.0,3809.0,6.53,32.0,5000.0,Aug-20
53,Redmi 9C NFC 3/64GB Midnight Gray,Android,796,4256,3599.0,4920.0,6.53,64.0,5000.0,Aug-20
53,Redmi Note 4 3/32GB (Gray),Android,669,2819,2498.4497991967887,2927.6726907630546,5.5,32.0,4100.0,Nov-16
53,Redmi Note 4 3/64GB (Gold),Android,255,2931,2498.4497991967887,2927.6726907630546,5.5,64.0,4100.0,Sep-16
53,Redmi Note 4 3/64GB (Gold),Android,267,2931,2498.4497991967887,2927.6726907630546,5.5,64.0,4100.0,Sep-16
53,Redmi Note 4x 3/32GB Black,Android,945,2675,2560.0,2789.0,5.5,32.0,4100.0,Feb-17
53,Redmi Note 4x 4/64GB Black,Android,1127,2809,2730.0,2889.0,5.5,64.0,4100.0,May-17
53,Redmi Note 4x 4/64GB Gold,Android,781,2809,2730.0,2889.0,5.5,64.0,4100.0,May-17
53,Redmi Note 5 3/32GB Black,Android,937,3320,3316.0,3325.0,5.9,32.0,4000.0,May-18
53,Redmi Note 5 3/32GB Gold,Android,717,3671,3260.0,4779.0,5.9,32.0,4000.0,May-18
53,Redmi Note 5 3/32GB Rose Gold,Android,347,3595,3377.0,3814.0,5.9,32.0,4000.0,May-18
53,Redmi Note 5 4/64GB Gold,Android,1120,3451,2999.0,3639.0,5.99,64.0,4000.0,May-18
53,Redmi Note 6 Pro 3/32GB Blue,Android,514,3599,2498.4497991967887,2927.672690763055,6.26,32.0,4000.0,Oct-18
53,Redmi Note 6 Pro 4/64GB Blue,Android,420,5010,4873.0,5147.0,6.26,64.0,4000.0,Oct-18
53,Redmi Note 6 Pro 4/64GB Rose Gold,Android,392,5010,4873.0,5147.0,6.26,64.0,4000.0,Oct-18
53,Redmi Note 7 4/64GB Black,Android,1068,4323,4250.0,4459.0,6.3,64.0,4000.0,Jan-19
53,Redmi Note 8 3/32GB Blue,Android,971,4304,4299.0,4309.0,6.3,32.0,4000.0,Nov-19
53,Redmi Note 8 4/64GB Blue,Android,1171,4888,4499.0,5275.0,6.3,64.0,4000.0,Sep-19
53,Redmi Note 8 6/64GB White,Android,771,5164,4999.0,5329.0,6.3,64.0,4000.0,Aug-20
53,Redmi Note 8 Pro 6/64GB Green,Android,1193,6164,5699.0,6600.0,6.53,64.0,4500.0,Sep-19
53,Redmi Note 8T 3/32GB Grey,Android,607,6600,2498.4497991967887,2927.672690763055,6.3,32.0,4000.0,Nov-19
53,Redmi Note 8T 4/64GB Grey,Android,1141,4899,2498.4497991967887,2927.672690763055,6.3,64.0,4000.0,Nov-19
53,Redmi Note 9 3/64GB Grey (no NFC),Android,465,4834,4773.0,4895.0,6.53,64.0,5020.0,Jul-20
53,Redmi Note 9 3/64GB Grey NFC,Android,1170,5085,4649.0,6099.0,6.53,64.0,5020.0,May-20
53,Redmi Note 9 Pro 4/64GB Interstellar Grey,Android,757,7014,6999.0,7030.0,6.67,64.0,5020.0,Nov-20
53,Redmi Note 9S 4/64GB Grey,Android,1196,5754,5295.0,6555.0,6.67,64.0,5020.0,Apr-20
49,S1 1/8GB Black,Android,34,1697,1594.0,1799.0,5.5,8.0,3000.0,Nov-18
49,S1 1/8GB Black,Android,84,1697,1594.0,1799.0,5.5,8.0,3000.0,Nov-18
10,S1 Black,Android,58,3032,3015.0,3050.0,5.5,64.0,3500.0,Oct-17
42,S1-07 Black,Android,76,299,2498.4497991967887,2927.6726907630555,1.8,34.04594722222219,1000.0,Jun-17
42,S1-07 Gold,Android,1,299,2498.4497991967887,2927.6726907630555,1.8,34.04594722222219,1000.0,Jun-17
0,S180 DualSim Red,Android,201,273,259.0,329.0,1.77,0.032,600.0,Sep-18
41,S240 Age Black Orange,Android,451,499,2498.4497991967887,2927.6726907630555,2.4,34.04594722222219,800.0,Sep-19
41,S240 Age Black Orange,Android,461,499,2498.4497991967887,2927.6726907630555,2.4,34.04594722222218,800.0,Sep-19
39,S260 Black,Android,643,1499,2498.4497991967887,2927.672690763056,5.45,8.0,2000.0,Dec-19
16,S40 3/32GB Black,Android,924,2939,2740.0,3699.0,5.5,32.0,4650.0,Aug-19
16,S40 Lite 2/16GB Black,Android,288,2707,2199.0,3029.0,5.5,16.0,4650.0,Aug-20
16,S40 Lite 2/16GB Black,Android,300,2707,2199.0,3029.0,5.5,16.0,4650.0,Aug-20
16,S40 Lite 2/16GB Black,Android,324,2707,2199.0,3029.0,5.5,16.0,4650.0,Aug-20
16,S40 Pro 4/64GB Black,Android,552,3590,3269.0,3795.0,5.45,64.0,4650.0,Nov-20
16,S40 Pro 4/64GB Black,Android,557,3590,3269.0,3795.0,5.45,64.0,4650.0,Nov-20
29,S5 4/64GB Pink,Android,498,3245,3230.0,3260.0,5.7,64.0,3000.0,Jul-19
29,S5 Pro 6/64GB Black,Android,727,4183,4149.0,4218.0,6.2,64.0,3500.0,Mar-19
29,S5 Pro 6/64Gb Blue,Android,432,3849,2498.4497991967887,2927.672690763056,6.2,64.0,3500.0,Aug-19
29,S5 Pro 6/64Gb Gold,Android,586,3957,3799.0,4149.0,6.2,64.0,3500.0,Aug-19
39,S561 3/32GB Black,Android,862,2872,2699.0,2908.0,5.45,32.0,4000.0,Jan-20
16,S90C 4/64GB Black,Android,89,5299,2498.4497991967887,2927.672690763056,6.18,64.0,5050.0,Dec-19
16,S90C 4/64GB Black,Android,39,5299,2498.4497991967887,2927.6726907630564,6.18,64.0,5050.0,Dec-19
16,S90C 4/64GB Black,Android,98,5299,2498.4497991967887,2927.6726907630564,6.18,64.0,5050.0,Dec-19
5,Sense 55DC 16GB Black,Android,51,1799,2498.4497991967887,2927.6726907630564,5.5,16.0,3000.0,Jun-18
5,Sense 55DC 16GB Gold,Android,99,2299,2498.4497991967887,2927.6726907630564,5.5,16.0,3000.0,Mar-18
5,Sense 55DC 16GB Gold,Android,40,2299,2498.4497991967887,2927.672690763057,5.5,16.0,3000.0,Mar-18
5,Sense 55DC 16GB Gold,Android,90,2299,2498.4497991967887,2927.672690763057,5.5,16.0,3000.0,Mar-18
5,Sense 55S 16GB Black,Android,72,2775,2222.0,2899.0,5.5,16.0,3000.0,Mar-18
6,Shine AS-5435 Blue,Android,60,1599,2498.4497991967887,2927.672690763057,5.0,16.0,2000.0,Jun-17
25,Simple F200n Black,Android,292,249,2498.4497991967887,2927.6726907630573,1.77,0.032,600.0,Feb-20
25,Simple F200n Black,Android,331,249,2498.4497991967887,2927.6726907630573,1.77,0.032,600.0,Feb-20
52,Smart Ultra Dark Gray,Android,593,2142,1785.0,2499.0,5.5,16.0,2960.0,Jan-17
47,Spark 4 KC2 3/32GB Royal Purple,Android,57,2999,2498.449799196789,2927.6726907630573,6.52,32.0,4000.0,Nov-19
47,Spark 4 Lite 2/32GB Midnight Black (4895180754593),Android,656,2321,2111.0,2599.0,6.52,32.0,4000.0,May-20
47,Spark 5 Pro KD7 4/64GB DS Spark Orange,Android,1074,3583,3177.0,3799.0,6.6,64.0,5000.0,Jul-20
47,Spark 6 Go KE5 2/32GB Aqua Blue (4895180762383),Android,837,2769,2497.0,2899.0,6.52,32.0,5000.0,Oct-20
47,Spark 6 Go KE5j 3/64GB Aqua Blue (4895180762918),Android,799,3193,2899.0,3399.0,6.52,64.0,5000.0,Nov-20
47,Spark 6 KE7 4/64GB Ocean Blue (4895180762024),Android,983,3750,3399.0,3999.0,6.8,64.0,5000.0,Nov-20
55,T1 Yellow,Android,86,1048,1048.0,1049.0,2.4,0.032,2100.0,Apr-20
55,T1 Yellow,Android,36,1048,1048.0,1049.0,2.4,0.032,2100.0,Apr-20
50,T3 Pro 3/16GB Black,Android,649,1949,2498.449799196789,2927.6726907630573,5.5,16.0,4080.0,Dec-18
50,T3 Pro 3/16GB Black,Android,648,1949,2498.449799196789,2927.6726907630577,5.5,16.0,4080.0,Dec-18
47,T301 Black (4895180743320),Android,707,294,260.0,344.0,1.77,34.04594722222218,1150.0,Dec-19
47,T372 TripleSIM Black (4895180746833),Android,949,366,325.0,410.0,2.4,34.04594722222218,1150.0,Dec-19
47,T454 Champagne Gold (4895180745980),Android,428,536,449.0,649.0,2.8,34.04594722222218,1500.0,Dec-20
47,T474 Blue (4895180748004),Android,547,614,517.0,739.0,2.8,34.045947222222175,1900.0,Dec-20
22,U11 4/64GB Black 99HAMB075-00,Android,682,5649,5399.0,5899.0,5.5,64.0,3000.0,Jun-17
22,U11 4/64GB White,Android,20,5899,2498.449799196789,2927.6726907630577,5.5,64.0,3000.0,Jun-17
51,V182 Black,Android,19,249,239.0,259.0,1.8,0.032,600.0,Sep-17
51,V241 (Black),Android,5,326,222.0,373.0,2.4,0.032,1000.0,Sep-16
51,V281 Black,Android,264,400,299.0,505.0,2.8,0.032,1450.0,Apr-17
51,V281 Black,Android,276,400,299.0,505.0,2.8,0.032,1450.0,Apr-17
24,V9 6/64GB Red,Android,344,6186,6102.0,6270.0,5.7,64.0,4000.0,Oct-18
24,V9 6/64GB Red,Android,363,6186,6102.0,6270.0,5.7,64.0,4000.0,Oct-18
38,WP1 4/64GB Black,Android,9,3404,3299.0,3509.0,5.5,64.0,5000.0,Feb-19
28,X Screen 16GB Single K500n White,Android,348,2749,2699.0,2799.0,4.93,16.0,2300.0,Oct-19
44,X-STYLE 241 SNAP Black,Android,690,647,631.0,649.0,2.4,34.045947222222175,800.0,Jan-21
44,X-TREME IO93,Android,454,950,899.0,999.0,2.4,0.032,2500.0,Dec-20
44,X-TREME IO93,Android,459,950,899.0,999.0,2.4,0.032,2500.0,Dec-20
44,X-style 17 Update Black,Android,317,311,279.0,349.0,1.77,34.045947222222175,1000.0,Feb-20
44,X-style 18 TRACK Black,Android,483,328,299.0,368.0,1.77,34.045947222222175,1000.0,Feb-20
44,X-style 24 ONYX Grey,Android,493,730,599.0,844.0,2.4,34.04594722222217,800.0,Jul-19
44,X-style 31 Power Black,Android,830,684,598.0,711.0,2.8,34.04594722222217,3100.0,Jan-18
44,X-style 31 Power Blue,Android,149,687,598.0,711.0,2.8,34.04594722222217,3100.0,Jan-18
44,X-style 31 Power Orange,Android,400,682,599.0,711.0,2.8,34.04594722222217,3100.0,Aug-20
44,X-style 31 Power Orange,Android,410,682,599.0,711.0,2.8,34.04594722222216,3100.0,Aug-20
44,X-style 31 Power Yellow,Android,277,680,599.0,711.0,2.8,34.04594722222216,3100.0,Aug-20
44,X-style 32 Boombox Black,Android,541,815,699.0,856.0,2.4,34.04594722222216,3200.0,Dec-17
44,X-style 32 Boombox Red,Android,320,819,699.0,856.0,2.4,34.04594722222216,3200.0,Dec-17
44,X-style 33 Steel Grey,Android,584,879,752.0,899.0,2.8,34.04594722222215,1000.0,Feb-18
44,X-style 33 Steel Red,Android,286,818,699.0,899.0,2.8,34.04594722222215,1000.0,Feb-18
44,X-style 34NRG Black,Android,496,570,499.0,605.0,2.4,34.04594722222215,4050.0,Nov-19
44,X-style 34NRG Blue,Android,491,569,499.0,605.0,2.4,34.04594722222215,4050.0,Nov-19
44,X-style 36 Point Black,Android,776,705,599.0,725.0,3.2,34.045947222222146,2500.0,Aug-20
44,X-style S3500 sKai Black,KAIOS,832,1036,899.0,1059.0,2.4,4.0,2000.0,Sep-19
44,X-treme DT68 black,Android,516,1206,959.0,1244.0,2.4,34.045947222222146,2100.0,Mar-18
44,X-treme DT68 black-red,Android,41,1225,1199.0,1244.0,2.4,34.045947222222146,2100.0,Mar-18
44,X-treme DZ68 Black,Android,136,2066,2050.0,2099.0,2.4,0.0032,4500.0,Oct-18
44,X-treme DZ68 Black-yellow,Android,289,2049,1999.0,2099.0,2.4,0.0032,4500.0,Oct-18
44,X-treme DZ68 Black-yellow,Android,327,2049,1999.0,2099.0,2.4,0.0032,4500.0,Oct-18
44,X-treme IT67m black-orange,Android,598,1067,1060.0,1070.0,2.2,34.045947222222146,1700.0,Jun-19
44,X-treme PQ20 Black,Android,822,2552,2199.0,3399.0,5.0,8.0,5000.0,Aug-19
44,X-treme PQ20 Black Orange,Android,360,2546,2280.0,3399.0,5.0,8.0,5000.0,Aug-19
44,X-treme PQ20 Black Orange,Android,368,2546,2280.0,3399.0,5.0,8.0,5000.0,Aug-19
44,X-treme PQ24 Black,Android,154,2999,2498.449799196789,2927.6726907630577,5.0,8.0,5000.0,Jan-17
44,X-treme PQ24 Black/Orange,Android,3,2999,2498.449799196789,2927.6726907630577,5.0,8.0,5000.0,Jan-17
44,X-treme PQ29 Black,Android,237,4175,3999.0,4486.0,5.0,16.0,5000.0,Apr-19
44,X-treme PQ29 Black-Orange,Android,371,4074,3680.0,4455.0,5.0,16.0,5000.0,Apr-19
44,X-treme PQ29 Black-Orange,Android,353,4074,3680.0,4455.0,5.0,16.0,5000.0,Apr-19
44,X-treme PQ36 Black,Android,812,4606,4399.0,4777.0,5.45,32.0,5000.0,Apr-20
44,X-treme PQ36 Orange,Android,618,4671,4180.0,4777.0,5.45,32.0,5000.0,Apr-20
44,X-treme PQ52 Black-Orange,Android,42,3999,3599.0,4399.0,5.0,32.0,3000.0,Feb-18
44,X-treme PQ53 Black,Android,182,4983,4077.0,5199.0,5.7,16.0,5000.0,Oct-18
44,X-treme PT68 Black,Android,306,1558,1357.0,1599.0,2.4,34.04594722222214,4400.0,Jul-18
44,X-treme ST68 Black,Android,737,1399,1230.0,1444.0,2.8,34.04594722222214,2600.0,Feb-19
44,X-treme ST68 black-yellow,Android,278,1405,1230.0,1444.0,2.8,34.04594722222214,2600.0,Feb-19
15,X19 4/64GB Black,Android,78,3016,2993.0,3048.0,5.93,64.0,4000.0,Aug-20
16,X60L Matte Black (6924351653118),Android,16,2200,2149.0,2251.0,5.5,16.0,3300.0,Apr-18
16,X90 1/16GB Black,Android,725,1844,1333.0,2089.0,6.1,16.0,3400.0,May-19
16,X90 1/16GB Blue,Android,479,1967,1779.0,2089.0,6.1,16.0,3400.0,May-19
16,X90 1/16GB Gold,Android,30,1949,1775.0,2249.0,6.1,16.0,3400.0,May-19
16,X90 1/16GB Gold,Android,24,1949,1775.0,2249.0,6.1,16.0,3400.0,May-19
16,X90L 3/16GB Green,Android,311,2399,2498.449799196789,2927.672690763058,6.1,16.0,3400.0,May-19
16,X90L 3/16GB Purple,Android,130,2399,2498.449799196789,2927.672690763058,6.1,16.0,3400.0,May-19
16,X90L 3/16GB Purple,Android,105,2399,2498.449799196789,2927.672690763058,6.1,16.0,3400.0,May-19
16,X95 2/16GB Black,Android,677,2494,2040.0,2799.0,6.52,16.0,4350.0,Jun-20
16,X95 2/16GB Green,Android,457,2517,2090.0,2923.0,6.52,16.0,4350.0,Jun-20
16,X95 2/16GB Green,Android,447,2517,2090.0,2923.0,6.52,16.0,4350.0,Jun-20
39,Xenium E106 Black,Android,350,517,444.0,680.0,1.77,0.032,1050.0,Jun-17
39,Xenium E109 Black,Android,604,480,459.0,570.0,1.77,0.032,1000.0,Jun-19
39,Xenium E182 Blue,Android,742,1368,1269.0,1759.0,2.4,0.032,3100.0,Aug-19
39,Xenium E255 Black,Android,592,1395,1325.0,1469.0,2.4,0.032,1050.0,Aug-19
39,Xenium E255 Blue,Android,429,1393,1290.0,1469.0,2.4,34.04594722222214,1050.0,Dec-19
39,Xenium E255 Red,Android,581,1397,1325.0,1469.0,2.4,34.04594722222213,1050.0,Aug-20
39,Xenium E580 Dual Sim Black,Android,975,1978,1599.0,2389.0,2.8,0.128,3100.0,Feb-20
46,Xperia 10 I4113 Black,Android,950,5599,2498.449799196789,2927.672690763058,6.0,64.0,2870.0,Mar-19
46,Xperia XA1 Dual (G3112) Black,Android,526,3399,2498.449799196789,2927.6726907630587,5.0,32.0,2300.0,May-17
46,Xperia XA1 Dual (G3112) Black,Android,537,3399,2498.449799196789,2927.6726907630587,5.0,32.0,2300.0,May-17
46,Xperia XZ (Black),Android,709,5749,2498.449799196789,2927.6726907630587,5.2,64.0,2900.0,Sep-16
46,Xperia XZ (Blue),Android,268,5199,2498.449799196789,2927.672690763059,5.2,64.0,2900.0,Sep-16
46,Xperia XZ (Blue),Android,256,5199,2498.449799196789,2927.672690763059,5.2,64.0,2900.0,Sep-16
46,Xperia XZ Dual F8332 (Black),Android,561,5199,2498.449799196789,2927.672690763059,5.2,64.0,2900.0,Oct-16
46,Xperia Z (Black),Android,505,2070,2498.449799196789,2927.672690763059,5.0,16.0,2330.0,Jan-13
46,Xperia Z5 Dual E6683 (White),Android,565,5244,5143.0,5415.0,5.2,32.0,2900.0,Sep-15
46,Xperia Z5 Premium E6853 (Black),Android,676,4560,2498.449799196789,2927.6726907630596,5.5,32.0,3430.0,Sep-15
27,Xrover C 2/16GB Black,Android,69,2684,2599.0,2769.0,5.72,16.0,5000.0,Mar-20
58,Y11 3/32GB Agate Red,Android,388,3497,2498.449799196789,2927.6726907630596,6.35,32.0,5000.0,Dec-19
58,Y15 4/64GB Aqua Blue,Android,627,4249,3960.0,4915.0,6.35,64.0,5000.0,Jul-19
58,Y15 4/64GB Aqua Blue,Android,623,4249,3960.0,4915.0,6.35,64.0,5000.0,Jul-19
58,Y15 4/64GB Burgundy Red,Android,573,4356,4145.0,4499.0,6.35,64.0,5000.0,Jul-19
58,Y1S 2/32GB Black,Android,680,3117,2849.0,3729.0,6.22,32.0,4030.0,Jul-20
58,Y1S 2/32GB Blue,Android,574,3080,2850.0,3209.0,6.22,32.0,4030.0,Jul-20
58,Y20 4/64GB Nebula Blue,Android,810,4732,4299.0,4999.0,6.51,64.0,5000.0,Oct-20
58,Y20 4/64GB Obsidian Black,Android,928,4752,4299.0,5296.0,6.51,64.0,5000.0,Oct-20
58,Y30 4/64GB Black,Android,587,4481,4399.0,4499.0,6.47,64.0,5000.0,Jul-20
58,Y30 4/64GB Blue,Android,896,4467,4349.0,4499.0,6.47,64.0,5000.0,Jul-20
23,Y5 2019 2/16GB Black (51093SHA),Android,595,2742,2689.0,2799.0,5.71,16.0,3020.0,May-19
23,Y5 2019 2/16GB Black (51093SHA),Android,602,2742,2689.0,2799.0,5.71,16.0,3020.0,May-19
23,Y5 2019 2/16GB Brown (51093SHE),Android,787,2768,2599.0,3109.0,5.71,16.0,3020.0,May-19
23,Y5p 2/32GB Mint Green (51095MUB),Android,961,2598,2399.0,2699.0,5.45,32.0,3020.0,May-20
23,Y6 2019 DS Amber Brown (51093PMR),Android,575,3195,2999.0,3299.0,6.09,32.0,3020.0,Mar-19
23,Y6 2019 DS Amber Brown (51093PMR),Android,577,3195,2999.0,3299.0,6.09,32.0,3020.0,Mar-19
23,Y6 2019 DS Blue,Android,352,3121,2829.0,3299.0,6.09,32.0,3020.0,Apr-19
23,Y6 2019 DS Blue,Android,370,3121,2829.0,3299.0,6.09,32.0,3020.0,Apr-19
23,Y6 2019 DS Midnight Black (51093PMP),Android,791,2974,2699.0,3299.0,6.09,32.0,3020.0,Mar-19
23,Y6 Prime 2018 3/32GB Gold (51092MFF),Android,185,3869,2498.449799196789,2927.6726907630596,5.7,32.0,3000.0,May-18
23,Y6 Prime 2018 3/32GB Gold (51092MFF),Android,218,3869,2498.449799196789,2927.6726907630596,5.7,32.0,3000.0,May-18
23,Y6 Pro (Gold),Android,408,2687,2666.0,2708.0,5.0,16.0,4000.0,Mar-16
23,Y6p 3/64GB Midnight Black (51095KYP),Android,1086,3812,3330.0,4199.0,6.3,64.0,5000.0,May-20
23,Y6s 3/32GB Orhid Blue (51094WBU),Android,260,3516,3299.0,3888.0,6.09,32.0,3020.0,Jan-20
23,Y6s 3/32GB Orhid Blue (51094WBU),Android,272,3516,3299.0,3888.0,6.09,32.0,3020.0,Jan-20
23,Y6s 3/32GB Starry Black (51094WBW),Android,789,3496,3199.0,3888.0,6.09,32.0,3020.0,Jan-20
23,Y7 2019 3/32GB Coral Red (51093HEW),Android,550,3702,3499.0,4009.0,6.26,32.0,4000.0,Feb-19
23,Y7 2019 3/32GB Coral Red (51093HEW),Android,555,3702,3499.0,4009.0,6.26,32.0,4000.0,Feb-19
23,Y7 Prime 2018 3/32GB Black (51092JHA),Android,229,4190,2498.449799196789,2927.67269076306,5.99,32.0,3000.0,May-18
16,Y9 Plus 4/64GB Black,Android,15,3199,2498.449799196789,2927.67269076306,6.3,64.0,4350.0,Dec-19
16,Y9 Plus 4/64GB Blue,Android,55,3199,2498.449799196789,2927.67269076306,6.3,64.0,4350.0,Dec-19
3,ZenFone Live ZB501KL Navy Black (ZB501KL-4A053A),Android,281,3145,2498.449799196789,2927.67269076306,5.0,32.0,2650.0,Jul-18
3,Zenfone 5 ZE620KL 4/64GB Blue (ZE620KL-1A012WW),Android,893,5663,5528.0,5799.0,6.2,64.0,3300.0,Mar-18
35,i144c Black,Android,486,249,219.0,317.0,1.44,34.04594722222213,600.0,Sep-20
35,i144c Red,Android,409,241,218.0,291.0,1.44,34.04594722222213,600.0,Sep-20
35,i144c Red,Android,398,241,218.0,291.0,1.44,34.04594722222213,600.0,Sep-20
35,i144m Black,Android,492,220,209.0,229.0,1.44,34.045947222222125,600.0,Sep-20
35,i144m Blue,Android,844,235,198.0,314.0,1.44,34.045947222222125,600.0,Dec-19
35,i187 Black,Android,266,398,353.0,496.0,1.77,0.032,800.0,Jul-19
35,i187 Black,Android,254,398,353.0,496.0,1.77,0.032,800.0,Jul-19
35,i187 White,Android,61,392,346.0,461.0,1.77,0.032,800.0,Jul-19
35,i189 Black,Android,246,308,270.0,409.0,1.77,34.045947222222125,800.0,Dec-19
35,i189 Blue,Android,14,303,260.0,377.0,1.77,34.045947222222125,800.0,Jan-20
35,i220 Black,Android,927,596,542.0,719.0,2.2,0.032,1900.0,Oct-19
35,i220 Red,Android,917,598,542.0,719.0,2.2,0.032,1900.0,Oct-19
35,i240 (Black),Android,80,530,350.0,699.0,2.4,0.064,800.0,Dec-14
35,i2400 Black,Android,356,692,616.0,829.0,2.4,34.04594722222212,800.0,Jan-20
35,i2400 Black,Android,364,692,616.0,829.0,2.4,34.04594722222212,800.0,Jan-20
35,i2400 Red,Android,826,687,595.0,829.0,2.4,34.04594722222212,800.0,Aug-19
35,i2401 Red,Android,466,387,353.0,469.0,2.4,34.04594722222212,1000.0,Feb-20
35,i2410 Grey,Android,37,529,499.0,549.0,2.4,34.04594722222212,1000.0,Jan-20
35,i2410 Grey,Android,87,529,499.0,549.0,2.4,34.04594722222211,1000.0,Jan-20
35,i248 Black,Android,10,395,349.0,433.0,2.4,34.04594722222211,800.0,Feb-19
35,i281 Black,Android,26,733,647.0,888.0,2.8,0.032,1400.0,Aug-17
35,i281 Black,Android,95,733,647.0,888.0,2.8,0.032,1400.0,Aug-17
35,i281 Red,Android,308,741,636.0,998.0,2.8,0.032,1400.0,Aug-17
35,i282 Grey,Android,152,689,599.0,780.0,2.8,0.032,1200.0,Sep-17
35,i283 Red,Android,50,999,2498.449799196789,2927.6726907630605,2.8,0.032,1000.0,Oct-18
35,i284 Black,Android,702,584,504.0,763.0,2.8,34.04594722222211,1750.0,Jan-20
35,i284 Red,Android,140,574,529.0,695.0,2.8,34.04594722222211,1750.0,Jan-20
35,i284 Violet-blue,Android,613,580,528.0,709.0,2.8,34.045947222222104,1750.0,Jan-20
35,i285 X-Treme Black-Yellow,Android,381,1071,999.0,1144.0,2.8,34.045947222222104,2500.0,Aug-19
4,iPhone 5C 32GB (White),iOS,8,3000,2498.449799196789,2927.6726907630605,4.0,32.0,1510.0,Sep-13
4,iPhone 5C 8GB (White),iOS,633,2445,2498.449799196789,2927.6726907630605,4.0,8.0,1510.0,Apr-14
4,iPhone 5S 16GB Space Gray (ME432),iOS,780,4691,3499.0,5827.0,4.0,16.0,1570.0,Sep-13
4,iPhone 5S 32GB (Space Gray),iOS,524,3704,3699.0,3713.0,4.0,32.0,1570.0,Sep-13
4,iPhone 6 16GB Space Gray (MG472),iOS,589,4266,4230.0,4290.0,4.7,16.0,1810.0,Sep-14
4,iPhone 6 64GB Space Gray (MG4F2),iOS,716,4623,4500.0,4794.0,4.7,64.0,1810.0,Sep-14
4,iPhone 6 Plus 16GB (Silver),iOS,313,5242,5239.0,5248.0,5.5,16.0,2915.0,Sep-14
4,iPhone 6 Plus 64GB Space Gray (MGAH2),iOS,341,5889,5889.0,5890.0,5.5,64.0,2915.0,Sep-14
4,iPhone 6s 16GB Space Gray (MKQJ2),iOS,640,5181,4899.0,5990.0,4.7,16.0,1715.0,Sep-15
4,iPhone 6s Plus 16GB Space Gray (MKU12),iOS,489,6500,2498.449799196789,2927.6726907630605,5.5,16.0,2915.0,Sep-15
44,x-style 35 Screen,Android,952,907,785.0,944.0,3.5,34.045947222222104,1750.0,Jan-20
